Centro,JOP,GOP,Transportes,Zona,Departamento,Distrito,Estación,Material,Descripción,Producto,Concatenado,Capacidad DGH,Inventario Max Deseado,Muerto,Varilla,Descarga,Stock Operativo,VTA Promedio Emergencia,X 1,X 2,VTA Promedio %,VTA Día 04,VTA Día 05,Incremento VTA,Días Stock Emergencia,VTA Normal,Días Stock Normal,Pedido,Sugerido,Días Stock 1,Días Stock 2,Y 1,Cantidad Aproximada Carga,Observación,Z 1
P101,Fernando Romero,Erick Rodriguez,Romer/Omar,LIMA,Lima,Villa María del Triunfo,E/S MIGUEL ANGEL,40002019,MAX-D DIESEL B5 S50 UV,Diesel,P10140002019,5260,4900,300,3784,,3484,867.2431666666666,0.0,1.0,867.2431666666666,933.618,982.2,48.581999999999994,4.0173277045134785,725.9440000000001,4.799268263116714,SUGERIDO 09.10.2021,1500,4.746946406227088,9.598536526233428,4416.756833333333,-483.2431666666671,,4734.0
P101,Fernando Romero,Erick Rodriguez,Romer/Omar,LIMA,Lima,Villa María del Triunfo,E/S MIGUEL ANGEL,40002047,PRIMAX GASOHOL 95,G95,P10140002047,1294,1000,200,714,,514,144.429,0.0004891657142857144,,144.429,192.266,159.9,-32.365999999999985,3.558842060804963,48.91657142857144,10.507686556702955,SUGERIDO 09.10.2021,500,6.020750680265044,21.01537311340591,1069.571,69.57099999999991,,1000.0
P102,Alexander Pereda,Eduardo Vasquez,Romer/Omar,LIMA,Lima,La Victoria,E/S 28 DE JULIO,40002019,MAX-D DIESEL B5 S50 UV,Diesel,P10240002019,8000,7500,500,3302,,2802,1056.6865,0.0,1.0,1056.6865,889.373,1446.402,557.029,2.651685244393678,850.8890000000001,3.2930264699625917,SUGERIDO 09.10.2021,4000,5.437103152164809,6.5860529399251835,6245.3135,-1254.6864999999998,,7200.0
P110,Doris Macedo,Pedro Bruno,Ana/Renato,LIMA,Lima,Puente Piedra,E/S NEOX,40002019,MAX-D DIESEL B5 S50 UV,Diesel,P11040002019,6000,5500,300,2426,3000,5126,1951.223,0.0,1.0,1951.223,2222.479,2051.491,-170.98799999999983,2.6270703041118315,1123.3354285714288,4.563196236514013,SUGERIDO 09.10.2021,1000,2.139569388019719,9.126392473028027,4474.777,-1025.223,,5400.0
P110,Doris Macedo,Pedro Bruno,Ana/Renato,LIMA,Lima,Puente Piedra,E/S NEOX,40002055,G-PRIX GASOHOL 97,G97,P11040002055,4000,1000,180,372,,192,43.78266666666667,0.0001516314285714286,,43.78266666666667,9.935,118.129,108.194,4.385297073423272,15.163142857142857,12.662282602551299,SUGERIDO 09.10.2021,500,14.805341535463041,25.324565205102598,828.2173333333333,-171.78266666666673,,1000.0
P211,Cesar Surichaqui,Pedro Bruno,Ana/Renato,LIMA,Lima,Cercado de Lima,E/S DUEÑAS,40002019,MAX-D DIESEL B5 S50 UV,Diesel,P21140002019,16000,14000,1200,10021,,8821,1828.4218333333336,0.0,1.0,1828.4218333333336,1493.1779999999999,1856.5620000000001,363.38400000000024,4.824379056948109,1822.1067142857141,4.841099552974278,SUGERIDO 09.10.2021,5000,6.558977774184312,9.682199105948555,13192.578166666666,-807.4218333333338,,12500.0
P218,Fernando Romero,Erick Rodriguez,Romer/Omar,LIMA,Lima,Chorrillos,E/S ESCOSA,40002055,G-PRIX GASOHOL 97,G97,P21840002055,4000,1500,300,531,,231,72.36916666666666,0.0007125314285714286,,72.36916666666666,72.611,84.27799999999999,11.666999999999987,3.191967113066108,71.25314285714286,3.2419622593088624,SUGERIDO 09.10.2021,1000,16.01000656356874,6.483924518617725,1458.6308333333334,-41.369166666666615,,1500.0
P226,Monica Diaz,Pedro Bruno,Ana/Renato,LIMA,Lima,Magdalena del Mar,E/S FLORA TRISTAN,40002019,MAX-D DIESEL B5 S50 UV,Diesel,P22640002019,4000,1300,400,847,,447,71.3725,0.0,1.0,71.3725,51.721000000000004,58.083999999999996,6.362999999999992,6.262916389365651,76.18014285714285,5.867670802852637,SUGERIDO 09.10.2021,500,12.268415706329469,11.735341605705274,1275.6275,-24.372499999999945,,1500.0
P226,Monica Diaz,Pedro Bruno,Ana/Renato,LIMA,Lima,Magdalena del Mar,E/S FLORA TRISTAN,40002039,PRIMAX GASOHOL 90,G90,P22640002039,4000,3000,400,1574,,1174,223.85116666666667,0.0035840614285714283,,223.85116666666667,166.5,205.971,39.471000000000004,5.244556092701475,358.4061428571428,3.275613499928055,SUGERIDO 09.10.2021,1000,8.711810004712952,6.55122699985611,2350.148833333333,-649.8511666666668,,2000.0
P226,Monica Diaz,Pedro Bruno,Ana/Renato,LIMA,Lima,Magdalena del Mar,E/S FLORA TRISTAN,40002047,PRIMAX GASOHOL 95,G95,P22640002047,4000,3500,250,2446,,2196,467.4676666666667,0.007372952857142859,,467.4676666666667,505.898,438.11800000000005,-67.77999999999997,4.697651103142249,737.2952857142858,2.978453873976059,SUGERIDO 09.10.2021,2000,7.9760218710313655,5.956907747952118,3978.5323333333336,478.53233333333355,,3600.0
P226,Monica Diaz,Pedro Bruno,Ana/Renato,LIMA,Lima,Magdalena del Mar,E/S FLORA TRISTAN,40002055,G-PRIX GASOHOL 97,G97,P22640002055,4000,3000,300,2114,,1814,264.9928333333333,0.003279897142857143,,264.9928333333333,340.523,247.485,-93.03800000000001,6.84546814788073,327.9897142857143,5.5306612402479525,SUGERIDO 09.10.2021,1000,9.619155109226226,11.061322480495905,2849.0071666666668,-150.99283333333324,,2000.0
P113,Doris Macedo,Pedro Bruno,Ana/Renato,LIMA,Lima,Huaral,E/S HUARALINO,40002019,MAX-D DIESEL B5 S50 UV,Diesel,P11340002019,4100,3500,300,1655,,1355,615.6148333333333,0.0,1.0,615.6148333333333,704.285,562.168,-142.11699999999996,2.2010515774338337,283.45542857142857,4.780292996429774,SUGERIDO 09.10.2021,2500,5.26203234760696,9.560585992859547,3539.385166666667,39.38516666666692,,2500.0
P113,Doris Macedo,Pedro Bruno,Ana/Renato,LIMA,Lima,Huaral,E/S HUARALINO,40002039,PRIMAX GASOHOL 90,G90,P11340002039,2900,2500,300,1694,,1394,296.6396666666667,0.002640777142857143,,296.6396666666667,260.916,300.41900000000004,39.50300000000004,4.699304093968102,264.0777142857143,5.278749112815275,SUGERIDO 09.10.2021,1000,7.070397418191991,10.55749822563055,2397.360333333333,-102.63966666666693,,2500.0
P113,Doris Macedo,Pedro Bruno,Ana/Renato,LIMA,Lima,Huaral,E/S HUARALINO,40002047,PRIMAX GASOHOL 95,G95,P11340002047,4400,1800,350,1414,,1064,175.0855,0.0011029942857142855,,175.0855,178.632,171.398,-7.234000000000009,6.077030936313973,110.29942857142855,9.646468832891248,SUGERIDO 09.10.2021,500,7.932778556762267,19.292937665782496,1738.9145,-61.08549999999991,,1500.0
P246,Jonathan Peralta,Pedro Bruno,Ana/Renato,LIMA,Lima,San Miguel,E/S LA PAZ 1,40002019,MAX-D DIESEL B5 S50 UV,Diesel,P24640002019,6000,2500,500,1158,,658,115.79483333333336,0.0,1.0,115.79483333333336,116.44,83.16799999999999,-33.272000000000006,5.682464243511151,185.83871428571427,3.5407046509607794,SUGERIDO 09.10.2021,500,9.000446191467953,7.081409301921559,1542.2051666666666,-957.7948333333334,,2000.0
P246,Jonathan Peralta,Pedro Bruno,Ana/Renato,LIMA,Lima,San Miguel,E/S LA PAZ 1,40002039,PRIMAX GASOHOL 90,G90,P24640002039,6000,3500,400,1208,,808,256.73633333333333,0.0033784371428571434,,256.73633333333333,239.326,211.08400000000003,-28.241999999999962,3.1471977086738794,337.8437142857143,2.3916383991583596,SUGERIDO 09.10.2021,2000,9.937291046975561,4.783276798316719,2951.2636666666667,-548.7363333333333,,2500.0
P246,Jonathan Peralta,Pedro Bruno,Ana/Renato,LIMA,Lima,San Miguel,E/S LA PAZ 1,40002047,PRIMAX GASOHOL 95,G95,P24640002047,6000,3500,400,2188,,1788,241.34483333333333,0.0022658557142857146,,241.34483333333333,189.44,242.86,53.420000000000016,7.4084867502860705,226.58557142857143,7.891058502653365,SUGERIDO 09.10.2021,1000,10.55193571577045,15.78211700530673,2946.6551666666664,-553.3448333333336,,2500.0
P246,Jonathan Peralta,Pedro Bruno,Ana/Renato,LIMA,Lima,San Miguel,E/S LA PAZ 1,40002055,G-PRIX GASOHOL 97,G97,P24640002055,6000,2000,350,693,,343,71.55033333333334,0.0007356614285714285,,71.55033333333334,57.83,85.287,27.457000000000008,4.793828120996408,73.56614285714285,4.662470895967283,SUGERIDO 09.10.2021,500,10.781915760932861,9.324941791934567,1121.4496666666666,-878.5503333333334,,1500.0
P255,Cesar Surichaqui,Pedro Bruno,Romer/Omar,LIMA,LIMA,SAN JUAN DE LURIGANCHO,E/S LURIGANCHO,40002019,MAX-D DIESEL B5 S50 UV,Diesel,P25540002019,8000,7500,500,5272,,4772,1029.6266666666668,0.0,1.0,1029.6266666666668,1323.0339999999999,980.8130000000001,-342.2209999999998,4.6346895962290535,933.8964285714286,5.109774332577412,SUGERIDO 09.10.2021,3000,6.548367045660562,10.219548665154823,7242.373333333333,-257.626666666667,,7200.0
P255,Cesar Surichaqui,Pedro Bruno,Romer/Omar,LIMA,LIMA,SAN JUAN DE LURIGANCHO,E/S LURIGANCHO,40002055,G-PRIX GASOHOL 97,G97,P25540002055,8000,2500,500,1140,,640,118.2525,0.0007794628571428573,,118.2525,166.472,178.36599999999999,11.893999999999977,5.412147734720197,77.94628571428572,8.210782516898083,SUGERIDO 09.10.2021,1000,12.868628570220503,16.421565033796167,2021.7475,-478.25250000000005,,2000.0
P260,Doris Macedo,Pedro Bruno,Ana/Renato,LIMA,Lima,Puente Piedra,E/S MEJIA,40002019,MAX-D DIESEL B5 S50 UV,Diesel,P26040002019,6000,5500,600,2480,3000,4880,2665.3981666666664,0.0,1.0,2665.3981666666664,3526.3120000000004,2026.0610000000001,-1500.2510000000002,1.830870922411905,2441.8278571428573,1.9985028779670029,SUGERIDO 09.10.2021,2500,1.7688170916802992,3.9970057559340058,5314.601833333334,-185.39816666666593,,5400.0
P260,Doris Macedo,Pedro Bruno,Ana/Renato,LIMA,Lima,Puente Piedra,E/S MEJIA,40002047,PRIMAX GASOHOL 95,G95,P26040002047,1000,900,200,520,,320,146.608,0.0009196500000000003,,146.608,145.08100000000002,141.067,-4.01400000000001,2.1826912583215106,91.96500000000002,3.4795846245854394,SUGERIDO 09.10.2021,500,4.593146349448871,6.959169249170879,873.392,-26.607999999999947,,900.0
P265,Lourdes Sato,Eduardo Vasquez,Romer/Omar,LIMA,Lima,La Molina,E/S MONTERRICO,40002039,PRIMAX GASOHOL 90,G90,P26540002039,3000,2500,300,2553,500,2753,855.1738333333333,0.010199614285714287,,855.1738333333333,764.4860000000001,825.3610000000001,60.875,3.2192285272214636,1019.9614285714285,2.6991216754695206,SUGERIDO 09.10.2021,1000,3.3885814248681996,5.398243350939041,3197.8261666666667,697.8261666666667,,2700.0
P265,Lourdes Sato,Eduardo Vasquez,Romer/Omar,LIMA,Lima,La Molina,E/S MONTERRICO,40002047,PRIMAX GASOHOL 95,G95,P26540002047,3000,2500,300,2480,1000,3180,1399.8996666666665,0.017596085714285715,,1399.8996666666665,1322.7810000000002,1418.47,95.68899999999985,2.2715913688100033,1759.6085714285712,1.807220112265228,SUGERIDO 09.10.2021,1500,2.343096731456231,3.614440224530456,3580.1003333333338,1080.1003333333338,,2700.0
P266,Victor H Roncal,Erick Rodriguez,Romer/Omar,LIMA,Lima,Santiago de Surco,E/S MONTREAL,40002019,MAX-D DIESEL B5 S50 UV,Diesel,P26640002019,6000,3500,400,1860,,1460,252.24450000000002,0.0029987385714285715,,252.24450000000002,157.68,265.807,108.12700000000001,5.788035021576288,266.555,5.477293616701994,SUGERIDO 09.10.2021,1000,8.752442570601144,10.954587233403988,2607.7555,-892.2444999999998,,2500.0
P266,Victor H Roncal,Erick Rodriguez,Romer/Omar,LIMA,Lima,Santiago de Surco,E/S MONTREAL,40002039,PRIMAX GASOHOL 90,G90,P26640002039,6000,5500,900,3351,,2451,475.99350000000004,0.0,1.0,475.99350000000004,427.11800000000005,445.581,18.462999999999965,5.149229978980805,722.9644285714286,3.3902082912200187,SUGERIDO 09.10.2021,2500,9.401402540160735,6.780416582440037,5375.0064999999995,-124.9935000000005,,5000.0
P266,Victor H Roncal,Erick Rodriguez,Romer/Omar,LIMA,Lima,Santiago de Surco,E/S MONTREAL,40002047,PRIMAX GASOHOL 95,G95,P26640002047,6000,5500,600,4160,,3560,739.2158333333333,0.0008964857142857144,,739.2158333333333,660.172,765.7289999999999,105.5569999999999,4.815914161290286,768.1449999999999,4.634541655546805,SUGERIDO 09.10.2021,2500,7.197876353207622,9.26908331109361,5920.784166666666,420.78416666666635,,5500.0
P266,Victor H Roncal,Erick Rodriguez,Romer/Omar,LIMA,Lima,Santiago de Surco,E/S MONTREAL,40002055,G-PRIX GASOHOL 97,G97,P26640002055,6000,3200,600,1871,,1271,262.772,0.0009903285714285715,,262.772,301.45099999999996,316.325,14.874000000000024,4.836892819630707,299.8738571428571,4.238448833485699,SUGERIDO 09.10.2021,1500,9.545263574505656,8.476897666971398,3108.228,-91.77199999999993,,2500.0
P269,Carlos Canassa,Eduardo Vasquez,Romer/Omar,LIMA,Lima,Chaclacayo,E/S ÑAÑA,40002019,MAX-D DIESEL B5 S50 UV,Diesel,P26940002019,24000,22000,3000,13669,7000,17669,7555.511833333334,0.0,1.0,7555.511833333334,8232.47,7071.124000000001,-1161.3459999999986,2.3385576503299323,9322.177142857143,1.8953726934419366,SUGERIDO 09.10.2021,7500,2.3312104534016678,3.790745386883873,20613.488166666666,-1386.511833333334,,32400.0
P269,Carlos Canassa,Eduardo Vasquez,Romer/Omar,LIMA,Lima,Chaclacayo,E/S ÑAÑA,40002047,PRIMAX GASOHOL 95,G95,P26940002047,3000,2700,300,2001,,1701,387.20399999999995,0.0027998100000000007,,387.20399999999995,324.496,428.20300000000003,103.70700000000005,4.393033129823039,279.98100000000005,6.07541226011765,SUGERIDO 09.10.2021,1000,5.975651077984733,12.1508245202353,2613.7960000000003,-86.20399999999972,,2500.0
P269,Carlos Canassa,Eduardo Vasquez,Romer/Omar,LIMA,Lima,Chaclacayo,E/S ÑAÑA,40002055,G-PRIX GASOHOL 97,G97,P26940002055,3000,1600,300,727,,427,78.71366666666665,0.0005626614285714285,,78.71366666666665,81.66,32.298,-49.361999999999995,5.424725058333793,56.266142857142846,7.588933207739749,SUGERIDO 09.10.2021,500,10.776862128982263,15.177866415479498,1148.2863333333335,-451.71366666666654,,1500.0
P270,Monica Diaz,Pedro Bruno,Ana/Renato,LIMA,LIMA,MAGDALENA DEL MAR,E/S ORRANTIA,40002039,PRIMAX GASOHOL 90,G90,P27040002039,8000,4000,400,1720,,1320,298.07366666666667,0.004137641428571428,,298.07366666666667,287.355,362.995,75.63999999999999,4.428435476241332,413.7641428571428,3.1902232776505874,SUGERIDO 09.10.2021,2000,10.138186197819108,6.380446555301175,3421.9263333333333,-578.0736666666667,,2500.0
P270,Monica Diaz,Pedro Bruno,Ana/Renato,LIMA,LIMA,MAGDALENA DEL MAR,E/S ORRANTIA,40002047,PRIMAX GASOHOL 95,G95,P27040002047,4000,3500,350,3142,,2792,550.8046666666668,0.005551788571428572,,550.8046666666668,545.8230000000001,569.394,23.570999999999913,5.0689476124022175,555.1788571428572,5.029009956122248,SUGERIDO 09.10.2021,1500,6.792236086114011,10.058019912244497,4091.195333333333,591.1953333333331,,3500.0
P270,Monica Diaz,Pedro Bruno,Ana/Renato,LIMA,LIMA,MAGDALENA DEL MAR,E/S ORRANTIA,40002055,G-PRIX GASOHOL 97,G97,P27040002055,8000,3700,400,2145,,1745,216.12883333333335,0.002094077142857143,,216.12883333333335,243.793,266.952,23.158999999999992,8.073888028205399,209.40771428571426,8.333026345052101,SUGERIDO 09.10.2021,500,9.387322993307231,16.666052690104202,2428.871166666667,-1271.1288333333332,,2000.0
P275,Fernando Romero,Erick Rodriguez,Romer/Omar,LIMA,Lima,Lurin,E/S PANSUR,40002019,MAX-D DIESEL B5 S50 UV,Diesel,P27540002019,8000,7500,400,3537,4000,7137,5665.854833333334,0.0,1.0,5665.854833333334,5680.236,5600.187,-80.04899999999998,1.2596510517727406,3471.497285714286,2.055885231242953,SUGERIDO 09.10.2021,4000,0.9656345472317518,4.111770462485906,5871.145166666666,-1628.8548333333338,,7200.0
P275,Fernando Romero,Erick Rodriguez,Romer/Omar,LIMA,Lima,Lurin,E/S PANSUR,40002047,PRIMAX GASOHOL 95,G95,P27540002047,8000,7000,800,4907,2000,6107,1774.8171666666667,0.020415387142857146,,1774.8171666666667,1716.604,1769.455,52.850999999999885,3.4409178109707637,2041.5387142857144,2.991371144356032,SUGERIDO 09.10.2021,1000,3.0043561294529586,5.982742288712064,6132.182833333333,-867.8171666666667,,7200.0
P277,Jonathan Peralta,Pedro Bruno,Ana/Renato,LIMA,LIMA,LA PERLA,E/S PERLA,40002019,MAX-D DIESEL B5 S50 UV,Diesel,P27740002019,6000,5500,400,4208,,3808,596.9728333333334,0.0,1.0,596.9728333333334,812.149,302.86,-509.289,6.378849735484891,421.3981428571429,9.036584675435886,SUGERIDO 09.10.2021,1500,7.891526889693751,18.073169350871773,5111.027166666667,-388.97283333333326,,5000.0
P277,Jonathan Peralta,Pedro Bruno,Ana/Renato,LIMA,LIMA,LA PERLA,E/S PERLA,40002039,PRIMAX GASOHOL 90,G90,P27740002039,6000,5000,400,1688,,1288,329.68000000000006,0.005558435714285714,,329.68000000000006,302.966,304.567,1.600999999999999,3.9068187333171553,555.8435714285714,2.3171986979892853,SUGERIDO 09.10.2021,2000,8.973307449648141,4.634397395978571,3358.3199999999997,-1641.6800000000003,,3000.0
P277,Jonathan Peralta,Pedro Bruno,Ana/Renato,LIMA,LIMA,LA PERLA,E/S PERLA,40002047,PRIMAX GASOHOL 95,G95,P27740002047,6000,5000,400,1953,,1553,453.8093333333333,0.005143110000000001,,453.8093333333333,448.23,467.325,19.09499999999997,3.4221420449704283,514.311,3.0195737598456964,SUGERIDO 09.10.2021,3000,9.032847862685356,6.039147519691393,4499.190666666666,-500.8093333333336,,3500.0
P277,Jonathan Peralta,Pedro Bruno,Ana/Renato,LIMA,LIMA,LA PERLA,E/S PERLA,40002055,G-PRIX GASOHOL 97,G97,P27740002055,4000,2500,300,708,,408,108.55283333333334,0.0013073157142857142,,108.55283333333334,78.83500000000001,110.12200000000001,31.287000000000006,3.758538468979007,130.7315714285714,3.1208987663926413,SUGERIDO 09.10.2021,1000,11.970642559613827,6.241797532785283,1599.4471666666666,-900.5528333333334,,1500.0
P283,Jonathan Peralta,Pedro Bruno,Ana/Renato,LIMA,Lima,Callao,E/S QUILCA,40002019,MAX-D DIESEL B5 S50 UV,Diesel,P28340002019,8000,7600,500,5759,,5259,1374.9236666666668,0.0,1.0,1374.9236666666668,1489.9920000000002,1570.1560000000002,80.16399999999999,3.824939614829526,2037.4054285714285,2.5812241030924628,SUGERIDO 09.10.2021,3000,5.006878927339239,5.1624482061849255,7384.076333333333,-215.92366666666658,,7200.0
P283,Jonathan Peralta,Pedro Bruno,Ana/Renato,LIMA,Lima,Callao,E/S QUILCA,40002047,PRIMAX GASOHOL 95,G95,P28340002047,4000,3500,300,2892,,2592,608.929,0.004259032857142858,,608.929,556.992,605.976,48.98400000000004,4.256653895610162,425.90328571428574,6.0858887145069485,SUGERIDO 09.10.2021,1000,4.898881478793094,12.171777429013897,3283.071,-216.9290000000001,,3600.0
P118,Doris Macedo,Pedro Bruno,Ana/Renato,LIMA,Lima,Barranca,E/S BARRANCA,40002019,MAX-D DIESEL B5 S50 UV,Diesel,P11840002019,6500,5850,600,3115.78,,2515.78,290.9918333333334,0.0,1.0,290.9918333333334,393.36800000000005,275.497,-117.87100000000004,8.645534725774091,532.358142857143,4.725728410009695,SUGERIDO 09.10.2021,1000,11.082057285685565,9.45145682001939,3824.788166666667,-2025.2118333333328,,2500.0
P118,Doris Macedo,Pedro Bruno,Ana/Renato,LIMA,Lima,Barranca,E/S BARRANCA,40002039,PRIMAX GASOHOL 90,G90,P11840002039,4550,3800,300,2546.38,,2246.38,367.06333333333333,0.003722277142857143,,367.06333333333333,329.62199999999996,382.012,52.39000000000004,6.1198703221060855,372.2277142857143,6.034961701631183,SUGERIDO 09.10.2021,1500,9.206358575722627,12.069923403262367,3679.3166666666666,-120.6833333333334,,3500.0
P289,Monica Diaz,Pedro Bruno,Ana/Renato,LIMA,Lima,Lince,E/S SALAVERRY 1,40002019,MAX-D DIESEL B5 S50 UV,Diesel,P28940002019,7925,2500,400,1227.296,,827.296,144.30466666666666,0.0,1.0,144.30466666666666,123.00500000000001,121.704,-1.3010000000000161,5.732981608356394,161.9757142857143,5.107531111365901,SUGERIDO 09.10.2021,500,8.197873018659596,10.215062222731802,1582.9913333333334,-917.0086666666666,,2000.0
P289,Monica Diaz,Pedro Bruno,Ana/Renato,LIMA,Lima,Lince,E/S SALAVERRY 1,40002039,PRIMAX GASOHOL 90,G90,P28940002039,7925,3000,400,1462.223,,1062.223,205.97733333333335,0.0022886200000000003,,205.97733333333335,166.019,189.77700000000002,23.75800000000001,5.156989765864204,228.862,4.64132534016132,SUGERIDO 09.10.2021,1000,9.01189289436378,9.28265068032264,2256.2456666666667,-743.7543333333333,,2500.0
P289,Monica Diaz,Pedro Bruno,Ana/Renato,LIMA,Lima,Lince,E/S SALAVERRY 1,40002047,PRIMAX GASOHOL 95,G95,P28940002047,11925,4200,1200,2576.392,,1376.3919999999998,297.44616666666667,0.002893221428571429,,297.44616666666667,356.51,225.608,-130.902,4.62736506381827,289.32214285714286,4.75729920429773,SUGERIDO 09.10.2021,1500,8.670294400611427,9.51459840859546,3778.945833333333,-421.0541666666668,,3500.0
P289,Monica Diaz,Pedro Bruno,Ana/Renato,LIMA,Lima,Lince,E/S SALAVERRY 1,40002055,G-PRIX GASOHOL 97,G97,P28940002055,7925,2000,400,732.091,,332.091,120.38483333333335,0.0012431128571428573,,120.38483333333335,64.46300000000001,232.90900000000002,168.44600000000003,2.758578392350088,124.31128571428572,2.6714469091991417,SUGERIDO 09.10.2021,1000,10.065272618782265,5.3428938183982835,1611.7061666666666,-388.2938333333334,,1500.0
P292,Fernando Romero,Erick Rodriguez,Romer/Omar,LIMA,Lima,Lurin,E/S SAN CARLOS,40002019,MAX-D DIESEL B5 S50 UV,Diesel,P29240002019,45000,40000,4500,34100,5500,35100,15347.577333333335,0.0,1.0,15347.577333333335,15123.375,16326.156,1202.7810000000009,2.2870059057312235,14638.584857142856,2.397772758947601,SUGERIDO 09.10.2021,9000,1.8734176764315373,4.795545517895202,33252.422666666665,-6747.5773333333345,,22500.0
P292,Fernando Romero,Erick Rodriguez,Romer/Omar,LIMA,Lima,Lurin,E/S SAN CARLOS,40002047,PRIMAX GASOHOL 95,G95,P29240002047,10000,9000,800,6700,2500,8400,1867.0083333333332,0.026125397142857144,,1867.0083333333332,1495.013,2104.091,609.078,4.499176490017453,2612.539714285714,3.2152621275258264,SUGERIDO 09.10.2021,2000,4.570408987640655,6.430524255051653,9332.991666666667,332.9916666666668,,4500.0
P292,Fernando Romero,Erick Rodriguez,Romer/Omar,LIMA,Lima,Lurin,E/S SAN CARLOS,40002055,G-PRIX GASOHOL 97,G97,P29240002055,10000,9000,800,7180,1000,7380,1122.1433333333334,0.015832935714285717,,1122.1433333333334,900.8360000000001,1289.689,388.85299999999995,6.576699946233844,1583.2935714285716,4.661169686516939,SUGERIDO 09.10.2021,2000,7.3590034546983,9.322339373033879,9057.856666666667,57.85666666666657,,4500.0
P294,Doris Macedo,Pedro Bruno,Ana/Renato,LIMA,Lima,Barranca,E/S SAN JOSE,40002019,MAX-D DIESEL B5 S50 UV,Diesel,P29440002019,10000,9500,500,8800,,8300,3021.185,0.0,1.0,3021.185,3073.583,1964.425,-1109.1580000000001,2.7472663871957526,3223.8244285714286,2.574581892996566,SUGERIDO 09.10.2021,3000,2.7402542379893986,5.149163785993132,8778.815,-721.1849999999995,,9000.0
P294,Doris Macedo,Pedro Bruno,Ana/Renato,LIMA,Lima,Barranca,E/S SAN JOSE,40002039,PRIMAX GASOHOL 90,G90,P29440002039,5000,3000,400,2435,,2035,263.12733333333335,0.0030865728571428572,,263.12733333333335,223.07500000000002,255.562,32.486999999999995,7.7338981633733725,308.6572857142857,6.59307294590718,SUGERIDO 09.10.2021,1000,10.534339521296406,13.18614589181436,3171.8726666666666,171.87266666666665,,2500.0
P294,Doris Macedo,Pedro Bruno,Ana/Renato,LIMA,Lima,Barranca,E/S SAN JOSE,40002047,PRIMAX GASOHOL 95,G95,P29440002047,3000,2500,300,1495,,1195,212.19583333333333,0.0012931514285714288,,212.19583333333333,209.42700000000002,209.44299999999998,0.01599999999996271,5.631590315549708,129.31514285714286,9.240990448582973,SUGERIDO 09.10.2021,1000,9.344218194670804,18.481980897165947,2282.804166666667,-217.1958333333332,,2000.0
P296,Lourdes Sato,Eduardo Vasquez,Romer/Omar,LIMA,Lima,San Luis,E/S SAN LUIS 1,40002019,MAX-D DIESEL B5 S50 UV,Diesel,P29640002019,24000,21000,2400,12887,,10487,1899.5878333333333,0.0,1.0,1899.5878333333333,1745.649,2651.5570000000002,905.9080000000004,5.520671282463293,2940.0480000000002,3.5669485668261194,SUGERIDO 09.10.2021,7500,8.468896191252718,7.133897133652239,18487.412166666665,-2512.587833333335,,11500.0
P296,Lourdes Sato,Eduardo Vasquez,Romer/Omar,LIMA,Lima,San Luis,E/S SAN LUIS 1,40002039,PRIMAX GASOHOL 90,G90,P29640002039,4000,3500,400,1579,,1179,233.16,0.0027871414285714287,,233.16,221.665,263.818,42.15299999999999,5.056613484302625,278.71414285714286,4.230140558759897,SUGERIDO 09.10.2021,1000,8.34551381025905,8.460281117519793,2345.84,-1154.1599999999999,,2500.0
P296,Lourdes Sato,Eduardo Vasquez,Romer/Omar,LIMA,Lima,San Luis,E/S SAN LUIS 1,40002047,PRIMAX GASOHOL 95,G95,P29640002047,4000,2200,250,1122,,872,140.11033333333333,0.0005060728571428571,,140.11033333333333,146.618,95.75200000000001,-50.865999999999985,6.22366658657106,50.60728571428571,17.230720590767564,SUGERIDO 09.10.2021,500,8.79228274859575,34.46144118153513,1481.8896666666667,-718.1103333333333,,1500.0
P316,Fernando Romero,Erick Rodriguez,Romer/Omar,LIMA,Lima,Chorrillos,E/S TAVIRSA,40002019,MAX-D DIESEL B5 S50 UV,Diesel,P31640002019,10000,9000,500,5121,,4621,811.6735,0.0,1.0,811.6735,851.02,943.8100000000001,92.79000000000008,5.693175889073624,905.3558571428573,5.104070364754758,SUGERIDO 09.10.2021,4000,9.621265816858626,10.208140729509516,8309.3265,-690.6735000000008,,7500.0
P317,Cesar Surichaqui,Pedro Bruno,Ana/Renato,LIMA,Lima,Cercado de Lima,E/S TINGO MARIA,40002019,MAX-D DIESEL B5 S50 UV,Diesel,P31740002019,6000,2800,300,1105,,805,259.51983333333334,0.0,1.0,259.51983333333334,261.286,301.726,40.44,3.1018823866384007,302.84014285714284,2.65816807641561,SUGERIDO 09.10.2021,2000,9.808422477665484,5.31633615283122,2845.4801666666667,45.48016666666672,,2500.0
P317,Cesar Surichaqui,Pedro Bruno,Ana/Renato,LIMA,Lima,Cercado de Lima,E/S TINGO MARIA,40002047,PRIMAX GASOHOL 95,G95,P31740002047,4000,3500,300,1619,,1319,253.72149999999996,0.0018524242857142856,,253.72149999999996,240.196,265.563,25.36699999999999,5.198613440327288,185.24242857142855,7.120398982954384,SUGERIDO 09.10.2021,1000,8.13994281131083,14.240797965908769,2365.2785,-1134.7215,,2000.0
P324,Lourdes Sato,Eduardo Vasquez,Romer/Omar,LIMA,Lima,La Molina,E/S UNIVERSIDAD,40002039,PRIMAX GASOHOL 90,G90,P32440002039,4000,3500,300,3410,,3110,790.8186666666667,0.004550732857142858,,790.8186666666667,746.66,741.537,-5.122999999999934,3.932633524078002,455.0732857142857,6.834064089520275,SUGERIDO 09.10.2021,1500,4.829402104823019,13.66812817904055,4119.181333333333,619.181333333333,,3600.0
P325,Victor H Roncal,Erick Rodriguez,Romer/Omar,LIMA,Lima,Santiago de Surco,E/S VALLE HERMOSO,40002019,MAX-D DIESEL B5 S50 UV,Diesel,P32540002019,4000,3400,500,2072,,1572,268.36083333333335,0.0,1.0,268.36083333333335,190.74099999999999,246.65900000000002,55.918000000000035,5.8577847611890705,276.0344285714286,5.694941780036755,SUGERIDO 09.10.2021,1000,8.584110945151584,11.38988356007351,2803.639166666667,-596.3608333333332,,2500.0
P325,Victor H Roncal,Erick Rodriguez,Romer/Omar,LIMA,Lima,Santiago de Surco,E/S VALLE HERMOSO,40002039,PRIMAX GASOHOL 90,G90,P32540002039,4000,3800,400,2470,,2070,399.3643333333334,0.005538694285714286,,399.3643333333334,402.869,402.93800000000005,0.06900000000001683,5.18323702750955,553.8694285714286,3.7373429426120546,SUGERIDO 09.10.2021,1500,7.939205888023716,7.474685885224109,3570.6356666666666,-229.36433333333343,,3500.0
P325,Victor H Roncal,Erick Rodriguez,Romer/Omar,LIMA,Lima,Santiago de Surco,E/S VALLE HERMOSO,40002047,PRIMAX GASOHOL 95,G95,P32540002047,8000,7600,300,4104,,3804,841.2663333333334,0.009454325714285715,,841.2663333333334,822.4710000000001,792.763,-29.708000000000084,4.521754703920558,945.4325714285715,4.023555052955351,SUGERIDO 09.10.2021,4000,8.276491511408,8.047110105910702,7262.733666666667,-337.266333333333,,5000.0
P325,Victor H Roncal,Erick Rodriguez,Romer/Omar,LIMA,Lima,Santiago de Surco,E/S VALLE HERMOSO,40002055,G-PRIX GASOHOL 97,G97,P32540002055,8000,6500,800,3425,,2625,477.42966666666666,0.006500325714285717,,477.42966666666666,393.13800000000003,506.90000000000003,113.762,5.498192054815753,650.0325714285716,4.038259181737705,SUGERIDO 09.10.2021,2500,9.734565440354565,8.07651836347541,5447.570333333333,-1052.429666666667,,4000.0
P327,Cesar Surichaqui,Pedro Bruno,Romer/Omar,LIMA,Lima,San Juan de Lurigancho,E/S ZARATE,40002019,MAX-D DIESEL B5 S50 UV,Diesel,P32740002019,5000,4500,500,2652,1000,3152,1557.3826666666666,0.0,1.0,1557.3826666666666,1586.9,1570.2220000000002,-16.677999999999884,2.0239084892002563,1218.7952857142857,2.5861603149808237,SUGERIDO 09.10.2021,2000,2.308114383362856,5.172320629961647,4094.6173333333336,-405.3826666666664,,4500.0
P327,Cesar Surichaqui,Pedro Bruno,Romer/Omar,LIMA,Lima,San Juan de Lurigancho,E/S ZARATE,40002039,PRIMAX GASOHOL 90,G90,P32740002039,4000,3500,150,1808,1500,3158,1577.5965000000003,0.01667291142857143,,1577.5965000000003,1488.129,1700.141,212.01200000000017,2.0017792889373167,1667.2911428571429,1.8940903114187444,SUGERIDO 09.10.2021,1500,1.9525927574002597,3.788180622837489,3230.4034999999994,-269.59650000000056,,3600.0
P327,Cesar Surichaqui,Pedro Bruno,Romer/Omar,LIMA,Lima,San Juan de Lurigancho,E/S ZARATE,40002047,PRIMAX GASOHOL 95,G95,P32740002047,4000,3500,100,1709,1500,3109,1526.4813333333334,0.0177976,,1526.4813333333334,1537.4520000000002,1459.1360000000002,-78.31600000000003,2.0367101333699025,1779.76,1.7468647458084237,SUGERIDO 09.10.2021,1500,2.019362175844928,3.4937294916168473,3182.518666666667,-317.48133333333317,,3600.0
P327,Cesar Surichaqui,Pedro Bruno,Romer/Omar,LIMA,Lima,San Juan de Lurigancho,E/S ZARATE,40002055,G-PRIX GASOHOL 97,G97,P32740002055,4000,2200,300,1313,,1013,260.6765,0.0016668514285714288,,260.6765,279.702,301.252,21.55000000000001,3.88604266207349,166.68514285714286,6.0773262849718375,SUGERIDO 09.10.2021,1000,6.7222150826791065,12.154652569943675,2052.3235,-147.67650000000003,,2000.0
P371,Alexander Pereda,Eduardo Vasquez,Romer/Omar,LIMA,Lima,La Victoria,E/S LA VICTORIA,40002023,ENDURA DIESEL B5 S50 UV,Diesel,P37140002023,8000,3500,500,1186,,686,186.01766666666666,0.0,1.0,186.01766666666666,253.45000000000002,271.632,18.181999999999988,3.6878217660329757,253.16714285714284,2.709672322632705,SUGERIDO 09.10.2021,1500,10.751571983306246,5.41934464526541,2499.9823333333334,-1000.0176666666666,,2500.0
P371,Alexander Pereda,Eduardo Vasquez,Romer/Omar,LIMA,Lima,La Victoria,E/S LA VICTORIA,40002049,EXELON NITRO GASOHOL 95,G95,P37140002049,2000,1900,300,1235,,935,357.291,0.004644682857142857,,357.291,342.529,361.565,19.036,2.6169145038637973,464.46828571428574,2.0130545588534723,SUGERIDO 09.10.2021,1000,4.415753545429356,4.026109117706945,1877.709,-22.29099999999994,,1800.0
P371,Alexander Pereda,Eduardo Vasquez,Romer/Omar,LIMA,Lima,La Victoria,E/S LA VICTORIA,40002057,EXELON NITRO GASOHOL 97,G97,P37140002057,2000,1900,200,687,,487,105.35916666666668,0.0012682228571428574,,105.35916666666668,133.781,67.412,-66.369,4.6222840917180115,126.82228571428573,3.840019104348492,SUGERIDO 09.10.2021,500,8.367955643789893,7.680038208696984,1081.6408333333334,-818.3591666666666,,1000.0
P126,Carlos Canassa,Eduardo Vasquez,Romer/Omar,LIMA,Lima,Ate,E/S ATE 2,40002019,MAX-D DIESEL B5 S50 UV,Diesel,P12640002019,11000,10000,600,9930,,9330,3951.1421666666665,0.0,1.0,3951.1421666666665,4416.178,3902.389,-513.7889999999998,2.3613425198190585,3379.1007142857147,2.7610896474780584,SUGERIDO 09.10.2021,4000,2.3737080159901445,5.522179294956117,9978.857833333333,-21.142166666666526,,9900.0
P132,Jonathan Peralta,Pedro Bruno,Ana/Renato,LIMA,Lima,Los Olivos,E/S TOMAS VALLE,40002019,MAX-D DIESEL B5 S50 UV,Diesel,P13240002019,8620,7758,500,4590,,4090,709.8615,0.0,1.0,709.8615,952.76,682.7260000000001,-270.0339999999999,5.761687315060755,372.1335714285715,10.990677310566289,SUGERIDO 09.10.2021,1000,6.170412819965585,21.981354621132578,4880.1385,-2877.8615,,7500.0
P132,Jonathan Peralta,Pedro Bruno,Ana/Renato,LIMA,Lima,Los Olivos,E/S TOMAS VALLE,40002039,PRIMAX GASOHOL 90,G90,P13240002039,3199,2500,400,2100,,1700,321.63916666666665,0.005022297142857143,,321.63916666666665,328.91800000000006,333.435,4.516999999999939,5.285425956105056,502.22971428571424,3.3849052567863085,SUGERIDO 09.10.2021,1000,7.394500047931559,6.769810513572617,2778.360833333333,278.3608333333332,,2879.1
P132,Jonathan Peralta,Pedro Bruno,Ana/Renato,LIMA,Lima,Los Olivos,E/S TOMAS VALLE,40002047,PRIMAX GASOHOL 95,G95,P13240002047,2675,2350,300,2138,,1838,466.7003333333334,0.004334775714285715,,466.7003333333334,436.012,388.90500000000003,-47.10699999999997,3.9382873092726878,433.4775714285714,4.240127104944959,SUGERIDO 09.10.2021,1000,5.080989871444988,8.480254209889917,2671.299666666667,321.2996666666668,,2407.5
P132,Jonathan Peralta,Pedro Bruno,Ana/Renato,LIMA,Lima,Los Olivos,E/S TOMAS VALLE,40002055,G-PRIX GASOHOL 97,G97,P13240002055,2675,1300,300,605,,305,98.63966666666668,0.0007016157142857144,,98.63966666666668,84.129,123.495,39.366,3.092062354901172,70.16157142857143,4.3471090197930895,SUGERIDO 09.10.2021,1000,12.229971715232882,8.694218039586179,1506.3603333333333,206.3603333333333,,1500.0
P135,Lourdes Sato,Eduardo Vasquez,Romer/Omar,LIMA,Lima,Ate,E/S ATE 1,40002019,MAX-D DIESEL B5 S50 UV,Diesel,P13540002019,10000,9000,500,7315,,6815,770.0071666666666,0.0,1.0,770.0071666666666,765.107,696.428,-68.67899999999997,8.850566975242439,595.2347142857143,11.44926503182538,SUGERIDO 09.10.2021,2000,10.4479453979108,22.89853006365076,8544.992833333334,-455.0071666666663,,5000.0
P135,Lourdes Sato,Eduardo Vasquez,Romer/Omar,LIMA,Lima,Ate,E/S ATE 1,40002039,PRIMAX GASOHOL 90,G90,P13540002039,5000,2750,400,1076,,676,209.76083333333335,0.0027107471428571427,,209.76083333333335,200.13,156.672,-43.458,3.2227179366977468,271.07471428571426,2.49377741402871,SUGERIDO 09.10.2021,1500,9.373719275524108,4.98755482805742,2366.2391666666667,-383.76083333333327,,2000.0
P135,Lourdes Sato,Eduardo Vasquez,Romer/Omar,LIMA,Lima,Ate,E/S ATE 1,40002047,PRIMAX GASOHOL 95,G95,P13540002047,5000,2000,400,1500,,1100,168.78516666666664,0.0011401200000000003,,168.78516666666664,179.61599999999999,138.564,-41.05199999999999,6.517160374479986,114.01200000000003,9.648107216784195,SUGERIDO 09.10.2021,500,8.479505999243617,19.29621443356839,1831.2148333333334,-168.78516666666656,,1500.0
P152,Victor H Roncal,Erick Rodriguez,Romer/Omar,LIMA,Lima,San Borja,E/S NAVAL,40002047,PRIMAX GASOHOL 95,G95,P15240002047,5000,4700,300,3740,1500,4940,1526.3381666666667,0.022961254285714286,,1526.3381666666667,1517.2320000000002,1596.5339999999999,79.30199999999968,3.236504274009178,2296.1254285714285,2.15145041230326,SUGERIDO 09.10.2021,1500,3.2192484867650015,4.30290082460652,5213.661833333334,513.6618333333336,,4500.0
P157,Victor H Roncal,Erick Rodriguez,Romer/Omar,LIMA,Lima,San Borja,E/S PRINCIPAL,40002039,PRIMAX GASOHOL 90,G90,P15740002039,5000,4500,300,2450,,2150,426.89016666666674,0.005810905714285716,,426.89016666666674,398.882,403.36300000000006,4.481000000000051,5.036424279313062,581.0905714285716,3.699939571751046,SUGERIDO 09.10.2021,2000,8.721470120534514,7.399879143502092,4023.1098333333334,-476.8901666666666,,3000.0
P157,Victor H Roncal,Erick Rodriguez,Romer/Omar,LIMA,Lima,San Borja,E/S PRINCIPAL,40002047,PRIMAX GASOHOL 95,G95,P15740002047,5000,4400,300,2717,,2417,549.4920000000001,0.00560289142857143,,549.4920000000001,648.868,543.8290000000001,-105.03899999999999,4.39860816899973,560.2891428571429,4.313844076425845,SUGERIDO 09.10.2021,2000,7.038333588114111,8.62768815285169,4167.508,-232.4920000000002,,3000.0
P157,Victor H Roncal,Erick Rodriguez,Romer/Omar,LIMA,Lima,San Borja,E/S PRINCIPAL,40002055,G-PRIX GASOHOL 97,G97,P15740002055,5000,1700,300,837,,537,95.7185,0.0011533657142857145,,95.7185,106.82000000000001,81.491,-25.329000000000008,5.610200744892575,115.33657142857143,4.655938644166885,SUGERIDO 09.10.2021,500,9.833851345351212,9.31187728833377,1241.2815,-458.71849999999995,,1500.0
P160,Monica Diaz,Pedro Bruno,Ana/Renato,LIMA,Lima,Pueblo Libre,E/S BOLIVAR,40002019,MAX-D DIESEL B5 S50 UV,Diesel,P16040002019,6000,2100,300,987,,687,120.82866666666666,0.0,1.0,120.82866666666666,157.274,119.848,-37.426,5.6857368284568235,154.48757142857144,4.44695967220664,SUGERIDO 09.10.2021,500,8.823827678862079,8.89391934441328,1366.1713333333332,-733.8286666666668,,1500.0
P160,Monica Diaz,Pedro Bruno,Ana/Renato,LIMA,Lima,Pueblo Libre,E/S BOLIVAR,40002039,PRIMAX GASOHOL 90,G90,P16040002039,6000,5500,300,3708,,3408,603.57,0.00931900142857143,,603.57,566.808,573.9300000000001,7.122000000000071,5.646403896813957,931.9001428571429,3.65704418667788,SUGERIDO 09.10.2021,2500,8.788425534734992,7.31408837335576,5604.43,104.43000000000029,,5000.0
P160,Monica Diaz,Pedro Bruno,Ana/Renato,LIMA,Lima,Pueblo Libre,E/S BOLIVAR,40002047,PRIMAX GASOHOL 95,G95,P16040002047,12000,10000,600,6188,,5588,1264.9466666666667,0.013864358571428573,,1264.9466666666667,1216.203,1272.268,56.065000000000055,4.417577552676793,1386.4358571428572,4.030478562142537,SUGERIDO 09.10.2021,5000,7.3703133728958266,8.060957124285075,9923.053333333333,-76.94666666666672,,6500.0
P160,Monica Diaz,Pedro Bruno,Ana/Renato,LIMA,Lima,Pueblo Libre,E/S BOLIVAR,40002055,G-PRIX GASOHOL 97,G97,P16040002055,6000,2400,300,1194,,894,202.98216666666667,0.0023575071428571432,,202.98216666666667,223.058,168.335,-54.722999999999985,4.404327802196088,235.7507142857143,3.792141214539571,SUGERIDO 09.10.2021,1000,8.330868967963523,7.584282429079142,1991.0178333333333,-408.98216666666667,,2000.0
P162,Victor H Roncal,Erick Rodriguez,Romer/Omar,LIMA,Lima,Santiago de Surco,E/S TOMAS MARSANO,40002019,MAX-D DIESEL B5 S50 UV,Diesel,P16240002019,5000,1700,300,806,,506,114.25416666666668,0.0,1.0,114.25416666666668,139.214,107.624,-31.590000000000003,4.428722511943401,97.58742857142856,5.185094098771505,SUGERIDO 09.10.2021,500,7.80493052769775,10.37018819754301,1191.7458333333334,-508.2541666666666,,1500.0
P167,Magaly Abad,Eduardo Vasquez,Ana/Renato,LIMA,Lima,Miraflores,E/S MIRAFLORES,40002039,PRIMAX GASOHOL 90,G90,P16740002039,8000,2300,300,1205,,905,151.63216666666668,0.0015019542857142862,,151.63216666666668,149.92100000000002,184.84599999999998,34.924999999999955,5.968390611930405,150.1954285714286,6.025482989780931,SUGERIDO 09.10.2021,1000,11.563297365444665,12.050965979561862,2053.3678333333332,-246.63216666666676,,1500.0
P167,Magaly Abad,Eduardo Vasquez,Ana/Renato,LIMA,Lima,Miraflores,E/S MIRAFLORES,40002047,PRIMAX GASOHOL 95,G95,P16740002047,9200,2900,600,1875,,1275,260.8475,0.0021294228571428573,,260.8475,215.665,253.078,37.41300000000001,4.887913436011462,212.9422857142857,5.987537870757738,SUGERIDO 09.10.2021,2000,11.555228629754932,11.975075741515475,3614.1525,714.1525000000001,,2500.0
P167,Magaly Abad,Eduardo Vasquez,Ana/Renato,LIMA,Lima,Miraflores,E/S MIRAFLORES,40002055,G-PRIX GASOHOL 97,G97,P16740002055,8000,1500,300,849,,549,95.11633333333333,0.0007309600000000001,,95.11633333333333,83.964,106.655,22.691000000000003,5.7718793477460935,73.096,7.5106708985443795,SUGERIDO 09.10.2021,1000,15.28532078262058,15.021341797088759,1753.8836666666666,253.8836666666666,,1500.0
P175,Monica Diaz,Pedro Bruno,Ana/Renato,LIMA,Lima,Magdalena del Mar,E/S SALAVERRY 2,40002019,MAX-D DIESEL B5 S50 UV,Diesel,P17540002019,8000,1900,500,1010,,510,75.7385,0.0,1.0,75.7385,74.422,87.97200000000001,13.550000000000011,6.733695544538114,143.42285714285714,3.5559185624925296,SUGERIDO 09.10.2021,500,12.335357843104894,7.111837124985059,1434.2615,-465.73849999999993,,2000.0
P175,Monica Diaz,Pedro Bruno,Ana/Renato,LIMA,Lima,Magdalena del Mar,E/S SALAVERRY 2,40002039,PRIMAX GASOHOL 90,G90,P17540002039,8000,3800,300,1874,,1574,337.38933333333335,0.004224907142857144,,337.38933333333335,319.973,314.319,-5.653999999999996,4.665233439508065,422.4907142857143,3.72552566666723,SUGERIDO 09.10.2021,1500,8.111135700792753,7.45105133333446,3036.6106666666665,-763.3893333333335,,3000.0
P175,Monica Diaz,Pedro Bruno,Ana/Renato,LIMA,Lima,Magdalena del Mar,E/S SALAVERRY 2,40002047,PRIMAX GASOHOL 95,G95,P17540002047,4000,3500,300,2329,,2029,533.7083333333334,0.004523657142857143,,533.7083333333334,456.31,557.554,101.24399999999997,3.8017019283316413,452.36571428571426,4.485308978828761,SUGERIDO 09.10.2021,2000,6.549067062221875,8.970617957657522,3795.2916666666665,295.2916666666665,,3000.0
P180,Fernando Romero,Erick Rodriguez,Romer/Omar,LIMA,Lima,Villa El Salvador,E/S VILLA EL SALVADOR,40002019,MAX-D DIESEL B5 S50 UV,Diesel,P18040002019,8000,7600,300,4555,4000,8255,4470.142833333332,0.0,1.0,4470.142833333332,4683.206,4060.57,-622.636,1.846697143197177,4244.436000000001,1.9448991573909935,SUGERIDO 09.10.2021,3000,1.5178166379993008,3.889798314781987,7084.857166666668,-515.1428333333324,,7200.0
P180,Fernando Romero,Erick Rodriguez,Romer/Omar,LIMA,Lima,Villa El Salvador,E/S VILLA EL SALVADOR,40002039,PRIMAX GASOHOL 90,G90,P18040002039,6000,5000,300,3225,,2925,503.838,0.004124555714285715,,503.838,501.16400000000004,475.89300000000003,-25.271000000000015,5.80543746204137,412.4555714285715,7.091672903990697,SUGERIDO 09.10.2021,1000,6.790202406329017,14.183345807981395,3721.162,-1278.8380000000002,,3000.0
P181,Fernando Romero,Erick Rodriguez,Romer/Omar,LIMA,Lima,Punta Hermosa,E/S PUNTA HERMOSA,40002019,MAX-D DIESEL B5 S50 UV,Diesel,P18140002019,6000,5700,300,5478,4500,9678,4333.000166666667,0.0,1.0,4333.000166666667,4108.158,3845.725,-262.43300000000045,2.233556341504872,3621.122142857143,2.6726521829953658,SUGERIDO 09.10.2021,1000,1.464343316241891,5.3453043659907316,6644.999833333333,944.9998333333333,,5400.0
P183,Magaly Abad,Eduardo Vasquez,Romer/Omar,LIMA,Lima,Surquillo,E/S ANGAMOS,40002023,ENDURA DIESEL B5 S50 UV,Diesel,P18340002023,5000,1600,300,511,,211,71.70683333333334,0.0,1.0,71.70683333333334,63.619,111.13600000000001,47.51700000000001,2.942536857249774,81.44842857142858,2.590596328263809,SUGERIDO 09.10.2021,1000,15.888209166490407,5.181192656527618,1439.2931666666666,-160.7068333333334,,1500.0
P183,Magaly Abad,Eduardo Vasquez,Romer/Omar,LIMA,Lima,Surquillo,E/S ANGAMOS,40002049,EXELON NITRO GASOHOL 95,G95,P18340002049,5000,4500,300,3016,,2716,435.64616666666666,0.0034614971428571432,,435.64616666666666,377.39,469.421,92.031,6.2344173042572395,346.1497142857143,7.846315879833994,SUGERIDO 09.10.2021,2000,9.82529897160425,15.692631759667988,4580.353833333334,80.35383333333357,,2000.0
P185,Victor H Roncal,Erick Rodriguez,Romer/Omar,LIMA,Lima,Santiago de Surco,E/S JORGE CHAVEZ,40002019,MAX-D DIESEL B5 S50 UV,Diesel,P18540002019,6000,2900,300,1095,,795,176.2346666666667,0.0,1.0,176.2346666666667,194.553,126.251,-68.30199999999999,4.511030746882943,209.12457142857147,3.801561885192147,SUGERIDO 09.10.2021,500,6.348157002784165,7.603123770384294,1418.7653333333333,-1481.2346666666667,,2000.0
P185,Victor H Roncal,Erick Rodriguez,Romer/Omar,LIMA,Lima,Santiago de Surco,E/S JORGE CHAVEZ,40002039,PRIMAX GASOHOL 90,G90,P18540002039,6000,5300,300,1979,,1679,414.80199999999996,0.0070284814285714306,,414.80199999999996,329.88599999999997,449.485,119.59900000000005,4.047714331174874,702.848142857143,2.3888517271664247,SUGERIDO 09.10.2021,1500,6.663897473975537,4.777703454332849,3064.198,-2235.802,,3500.0
P185,Victor H Roncal,Erick Rodriguez,Romer/Omar,LIMA,Lima,Santiago de Surco,E/S JORGE CHAVEZ,40002047,PRIMAX GASOHOL 95,G95,P18540002047,3000,2550,300,1375,,1075,301.8226666666667,0.0033217685714285712,,301.8226666666667,372.706,240.139,-132.567,3.561694063180587,332.1768571428571,3.236227861406016,SUGERIDO 09.10.2021,1500,7.531499732734893,6.472455722812032,2573.177333333333,23.17733333333308,,2000.0
P191,Jonathan Peralta,Pedro Bruno,Ana/Renato,LIMA,Lima,Callao,E/S MARCO POLO,40002019,MAX-D DIESEL B5 S50 UV,Diesel,P19140002019,5000,4600,400,4417,,4017,1244.7740000000001,0.0,1.0,1244.7740000000001,1431.9160000000002,1054.9850000000001,-376.93100000000004,3.227091825504067,1028.7011428571427,3.904924212335445,SUGERIDO 09.10.2021,1000,3.030450507481679,7.80984842467089,4172.226,-427.77400000000034,,4500.0
P193,Fernando Romero,Erick Rodriguez,Romer/Omar,LIMA,Lima,Chilca,E/S CHILCA,40002019,MAX-D DIESEL B5 S50 UV,Diesel,P19340002019,11000,10000,900,7431,4000,10531,4117.206499999999,0.0,1.0,4117.206499999999,4266.229,3353.922,-912.3070000000002,2.557802237998022,3002.4641428571426,3.5074523787580385,SUGERIDO 09.10.2021,2000,2.0435684972322865,7.014904757516077,9313.7935,-686.2065000000002,,9900.0
P193,Fernando Romero,Erick Rodriguez,Romer/Omar,LIMA,Lima,Chilca,E/S CHILCA,40002039,PRIMAX GASOHOL 90,G90,P19340002039,3000,2700,300,1439,1500,2639,1054.9388333333334,0.007985387142857145,,1054.9388333333334,963.1460000000001,1074.616,111.46999999999991,2.5015668364974712,798.5387142857144,3.3047865467118416,SUGERIDO 09.10.2021,500,1.9755279650494741,6.609573093423683,2384.0611666666664,-315.9388333333336,,2700.0
P193,Fernando Romero,Erick Rodriguez,Romer/Omar,LIMA,Lima,Chilca,E/S CHILCA,40002055,G-PRIX GASOHOL 97,G97,P19340002055,3000,1700,300,1348,,1048,89.28466666666667,0.000733777142857143,,89.28466666666667,85.241,41.18600000000001,-44.05499999999999,11.73773772278928,73.37771428571429,14.28226553799908,SUGERIDO 09.10.2021,500,16.337803430226913,28.56453107599816,1758.7153333333333,58.71533333333332,,1500.0
P353,Monica Diaz,Pedro Bruno,Ana/Renato,LIMA,Lima,San Isidro,E/S MARBELLA,40002039,PRIMAX GASOHOL 90,G90,P35340002039,4000,3600,300,1034,,734,180.13,0.0,,180.13,157.844,144.83,-13.013999999999982,4.074834841503359,0,,SUGERIDO 09.10.2021,1500,11.402153999888968,,2353.87,-1246.13,,
P353,Monica Diaz,Pedro Bruno,Ana/Renato,LIMA,Lima,San Isidro,E/S MARBELLA,40002047,PRIMAX GASOHOL 95,G95,P35340002047,4000,3600,300,1567,,1267,252.3568333333333,0.0,,252.3568333333333,243.483,292.19599999999997,48.712999999999965,5.020668484639146,0,,SUGERIDO 09.10.2021,1500,9.964632752167732,,2814.6431666666667,-785.3568333333333,,
P353,Monica Diaz,Pedro Bruno,Ana/Renato,LIMA,Lima,San Isidro,E/S MARBELLA,40002055,G-PRIX GASOHOL 97,G97,P35340002055,2000,1800,200,905,,705,115.35466666666666,0.0,,115.35466666666666,79.933,39.769,-40.16400000000001,6.11158629617643,0,,SUGERIDO 09.10.2021,1000,13.78050302834158,,1789.6453333333334,-10.354666666666617,,
